acc,f1,precision,recall,aupr,auc
0.9776926044870122,0.9779258805925735,0.9678052087327121,0.9882604600492505,0.9933158798576042,0.9953170642739004
